"Reference","Qty","Value","DNP","Exclude from BOM","Footprint","Datasheet","mouser","LCSC","aliexpress"
"AE1","1","2450AT18D0100","","Excluded from BOM","Marijn:2450AT18D0100","~"," 609-2450AT18D0100001 ","",""
"BT1","1","APP","DNP","Excluded from BOM","Connector_PinHeader_2.54mm:PinHeader_1x02_P2.54mm_Vertical","~","","",""
"C1-C3,C5-C9,C11,C15,C17","11","100n","","","Capacitor_SMD:C_0402_1005Metric","~","","","https://nl.aliexpress.com/item/1005002770949160.html?spm=a2g0o.productlist.main.1.46d6AUmiAUmipx&aem_p4p_detail=2025081207045912109860710514930000208426&algo_pvid=40a4e6d7-4a70-4e03-a01f-22f7030bbe21&algo_exp_id=40a4e6d7-4a70-4e03-a01f-22f7030bbe21-0&pdp_ext_f=%7B%22order%22%3A%22510%22%2C%22eval%22%3A%221%22%7D&pdp_npi=6%40dis%21EUR%2115.75%217.44%21%21%2117.87%218.44%21%40210390c217550074995573087e919c%2112000022112638971%21sea%21IT%210%21ABX%211%210%21m03_new_user%3A-29895%3Bn_tag%3A-29910%3BpisId%3A5000000177292766&curPageLogUid=xG8OvnCAPXgC&utparam-url=scene%3Asearch%7Cquery_from%3A%7Cx_object_id%3A1005002770949160%7C_p_origin_prod%3A&search_p4p_id=2025081207045912109860710514930000208426_1&gatewayAdapt=glo2nld"
"C4,C13","2","1u","","","Capacitor_SMD:C_0402_1005Metric","~","","","https://nl.aliexpress.com/item/1005002770949160.html?spm=a2g0o.productlist.main.1.46d6AUmiAUmipx&aem_p4p_detail=2025081207045912109860710514930000208426&algo_pvid=40a4e6d7-4a70-4e03-a01f-22f7030bbe21&algo_exp_id=40a4e6d7-4a70-4e03-a01f-22f7030bbe21-0&pdp_ext_f=%7B%22order%22%3A%22510%22%2C%22eval%22%3A%221%22%7D&pdp_npi=6%40dis%21EUR%2115.75%217.44%21%21%2117.87%218.44%21%40210390c217550074995573087e919c%2112000022112638971%21sea%21IT%210%21ABX%211%210%21m03_new_user%3A-29895%3Bn_tag%3A-29910%3BpisId%3A5000000177292766&curPageLogUid=xG8OvnCAPXgC&utparam-url=scene%3Asearch%7Cquery_from%3A%7Cx_object_id%3A1005002770949160%7C_p_origin_prod%3A&search_p4p_id=2025081207045912109860710514930000208426_1&gatewayAdapt=glo2nld"
"C10","1","10u","","","Capacitor_SMD:C_0402_1005Metric","~"," 81-GRM155R60G106ME1D ","",""
"C12,C14,C16","3","2u2","","","Capacitor_SMD:C_0402_1005Metric","~"," 963-MSASL105SB5225MF ","",""
"C18,C21","2","220p","","Excluded from BOM","Capacitor_SMD:C_0603_1608Metric","~","","",""
"C19,C20,C22,C26,C32,C37","6","100n","","Excluded from BOM","Capacitor_SMD:C_0603_1608Metric","~","","",""
"C23,C24,C43,C44","4","1u","","Excluded from BOM","Capacitor_SMD:C_0603_1608Metric","~","","",""
"C25","1","22p","","Excluded from BOM","Capacitor_SMD:C_0603_1608Metric","~","","",""
"C27,C28","2","15p","","Excluded from BOM","Capacitor_SMD:C_0603_1608Metric","~","","",""
"C29","1","4u7","","Excluded from BOM","Capacitor_SMD:C_0402_1005Metric","~","","",""
"C30,C31,C38","3","10u","","Excluded from BOM","Capacitor_SMD:C_0603_1608Metric","~","","",""
"C33-C36","4","12p","","Excluded from BOM","Capacitor_SMD:C_0603_1608Metric","~","","",""
"C39","1","56p","","Excluded from BOM","Capacitor_SMD:C_0603_1608Metric","~","","",""
"C40-C42","3","22u","DNP","Excluded from BOM","Capacitor_SMD:C_0603_1608Metric","~","","",""
"D1","1","PWR","","Excluded from BOM","LED_SMD:LED_0603_1608Metric","~","","",""
"D2","1","STATUS","","Excluded from BOM","LED_SMD:LED_0603_1608Metric","~","","",""
"D3-D14","12","~","","","Marijn:SOD-523F","https://eu.mouser.com/datasheet/2/80/CDBU0245_HF_RevB-2489203.pdf"," 750-CDBU0245 ","C2128",""
"D15","1","~","","","Marijn:SOD-523F","https://eu.mouser.com/datasheet/2/80/CDBU0245_HF_RevB-2489203.pdf"," 750-CDBU0245 ","",""
"D16","1","BAT54C","","Excluded from BOM","Package_TO_SOT_SMD:SOT-23","http://www.diodes.com/_files/datasheets/ds11005.pdf"," 583-BAT54C","",""
"D17","1","STAT1","","Excluded from BOM","LED_SMD:LED_0603_1608Metric","~","","",""
"D18","1","STAT2","","Excluded from BOM","LED_SMD:LED_0603_1608Metric","~","","",""
"D19","1","PG","","Excluded from BOM","LED_SMD:LED_0603_1608Metric","~"," ","",""
"H1-H4","4","MountingHole_Pad","","Excluded from BOM","MountingHole:MountingHole_2.7mm_M2.5_Pad_Via","~","","",""
"J1","1","UART","","Excluded from BOM","Connector_PinHeader_2.54mm:PinHeader_1x03_P2.54mm_Vertical","~","","",""
"J2","1","FFC2B28-16-G","","","Marijn:FFC2B28-16","https://nl.mouser.com/datasheet/2/837/FFC2B28-2888305.pdf"," 640-FFC2B28-16-G ","",""
"J3","1","Conn_ARM_SWD_TagConnect_TC2030","","Excluded from BOM","Connector:Tag-Connect_TC2030-IDC-FP_2x03_P1.27mm_Vertical","https://www.tag-connect.com/wp-content/uploads/bsk-pdf-manager/TC2030-CTX_1.pdf","","",""
"J4","1","USB_C","","Excluded from BOM","Connector_USB:USB_C_Receptacle_HCTL_HC-TYPE-C-16P-01A","https://www.usb.org/sites/default/files/documents/usb_type-c.zip","","",""
"JP1","1","PWR_LED_EN","","Excluded from BOM","Jumper:SolderJumper-2_P1.3mm_Open_TrianglePad1.0x1.5mm","~","","",""
"JP2","1","LC_BYPASS","DNP","Excluded from BOM","Jumper:SolderJumper-2_P1.3mm_Open_TrianglePad1.0x1.5mm","~","","",""
"JP3","1","LCD_BYP","","Excluded from BOM","Jumper:SolderJumper-2_P1.3mm_Open_TrianglePad1.0x1.5mm","~","","",""
"L1","1","10u","","Excluded from BOM","Inductor_SMD:L_0805_2012Metric","~","","",""
"L2","1","10n","","","Inductor_SMD:L_0402_1005Metric","https://nl.mouser.com/datasheet/2/611/jti_cat_rf_ind-844822.pdf"," 609-LRC0402CJ10NGV00 ","",""
"L3,L4","2","1u","DNP","Excluded from BOM","Inductor_SMD:L_APV_ANR4018","~"," 963-NRS4018T1R0NDGJ ","",""
"Q1","1","ZVP1320FTA","","","Marijn:SOT-323",""," 522-ZVP1320FTA ","",""
"Q2","1","NTR1P02T1G","","","Package_TO_SOT_SMD:SOT-23-3",""," 522-ZVP1320FTA ","",""
"R1-R8,R11","9","50k","","","PCM_Resistor_SMD_AKL:R_0402_1005Metric","~","","","https://nl.aliexpress.com/item/1005002762720838.html?spm=a2g0o.productlist.main.1.3cbb49b5xh4hcz&aem_p4p_detail=20250812070520223612693127800000241530&algo_pvid=6d0bb078-1676-4957-946e-aa2091c5fbf9&algo_exp_id=6d0bb078-1676-4957-946e-aa2091c5fbf9-0&pdp_ext_f=%7B%22order%22%3A%22540%22%2C%22eval%22%3A%221%22%7D&pdp_npi=6%40dis%21EUR%2125.88%2116.76%21%21%2129.37%2119.02%21%40211b612817550075199563975e626c%2112000022067393871%21sea%21IT%210%21ABX%211%210%21m03_new_user%3A-29895%3Bn_tag%3A-29910%3BpisId%3A5000000177292766&curPageLogUid=fOexOvoywan8&utparam-url=scene%3Asearch%7Cquery_from%3A%7Cx_object_id%3A1005002762720838%7C_p_origin_prod%3A&search_p4p_id=20250812070520223612693127800000241530_1&gatewayAdapt=glo2nld"
"R9","1","10k","","","PCM_Resistor_SMD_AKL:R_0402_1005Metric","~","","","https://nl.aliexpress.com/item/1005002762720838.html?spm=a2g0o.productlist.main.1.3cbb49b5xh4hcz&aem_p4p_detail=20250812070520223612693127800000241530&algo_pvid=6d0bb078-1676-4957-946e-aa2091c5fbf9&algo_exp_id=6d0bb078-1676-4957-946e-aa2091c5fbf9-0&pdp_ext_f=%7B%22order%22%3A%22540%22%2C%22eval%22%3A%221%22%7D&pdp_npi=6%40dis%21EUR%2125.88%2116.76%21%21%2129.37%2119.02%21%40211b612817550075199563975e626c%2112000022067393871%21sea%21IT%210%21ABX%211%210%21m03_new_user%3A-29895%3Bn_tag%3A-29910%3BpisId%3A5000000177292766&curPageLogUid=fOexOvoywan8&utparam-url=scene%3Asearch%7Cquery_from%3A%7Cx_object_id%3A1005002762720838%7C_p_origin_prod%3A&search_p4p_id=20250812070520223612693127800000241530_1&gatewayAdapt=glo2nld"
"R10","1","22","","","PCM_Resistor_SMD_AKL:R_0402_1005Metric","~","","","https://nl.aliexpress.com/item/1005002762720838.html?spm=a2g0o.productlist.main.1.3cbb49b5xh4hcz&aem_p4p_detail=20250812070520223612693127800000241530&algo_pvid=6d0bb078-1676-4957-946e-aa2091c5fbf9&algo_exp_id=6d0bb078-1676-4957-946e-aa2091c5fbf9-0&pdp_ext_f=%7B%22order%22%3A%22540%22%2C%22eval%22%3A%221%22%7D&pdp_npi=6%40dis%21EUR%2125.88%2116.76%21%21%2129.37%2119.02%21%40211b612817550075199563975e626c%2112000022067393871%21sea%21IT%210%21ABX%211%210%21m03_new_user%3A-29895%3Bn_tag%3A-29910%3BpisId%3A5000000177292766&curPageLogUid=fOexOvoywan8&utparam-url=scene%3Asearch%7Cquery_from%3A%7Cx_object_id%3A1005002762720838%7C_p_origin_prod%3A&search_p4p_id=20250812070520223612693127800000241530_1&gatewayAdapt=glo2nld"
"R12-R14,R18,R20,R22-R25,R33","10","10k","","Excluded from BOM","Resistor_SMD:R_0603_1608Metric","~","","",""
"R15","1","56k","","Excluded from BOM","Resistor_SMD:R_0603_1608Metric","~","","",""
"R16,R26","2","5k1","","Excluded from BOM","Resistor_SMD:R_0603_1608Metric","~","","",""
"R17","1","680K","","Excluded from BOM","Resistor_SMD:R_0603_1608Metric","~","","",""
"R19","1","5k1","","Excluded from BOM","Resistor_SMD:R_0603_1608Metric","~"," 791-RMC1/16-512JTP","",""
"R21","1","1k","","Excluded from BOM","Resistor_SMD:R_0603_1608Metric","~"," 71-CRCW06031K00FKEE","",""
"R27","1","1M","","Excluded from BOM","Resistor_SMD:R_0603_1608Metric","~"," 791-RMC1/16-512JTP","",""
"R28","1","320k","","Excluded from BOM","Resistor_SMD:R_0603_1608Metric","~"," 791-RMC1/16-512JTP","",""
"R29-R31","3","470","","Excluded from BOM","Resistor_SMD:R_0603_1608Metric","~"," 791-WR06X4700FTL","C23186",""
"R32","1","10k","","Excluded from BOM","Resistor_SMD:R_0603_1608Metric","~"," 71-CRCW060310K0FKED","C23186",""
"SW1","1","BOOT","","Excluded from BOM","Button_Switch_SMD:SW_SPST_PTS810","~","","C2681476",""
"SW2","1","NRST","","Excluded from BOM","Button_Switch_SMD:SW_SPST_PTS810","~","","C2681476",""
"SW3","1","0","","Excluded from BOM","Button_Switch_Keyboard:SW_Cherry_MX_1.00u_PCB","~","","",""
"SW4","1","1","","Excluded from BOM","Button_Switch_Keyboard:SW_Cherry_MX_1.00u_PCB","~","","",""
"SW5","1","2","","Excluded from BOM","Button_Switch_Keyboard:SW_Cherry_MX_1.00u_PCB","~","","",""
"SW6","1","3","","Excluded from BOM","Button_Switch_Keyboard:SW_Cherry_MX_1.00u_PCB","~","","",""
"SW7","1","4","","Excluded from BOM","Button_Switch_Keyboard:SW_Cherry_MX_1.00u_PCB","~","","",""
"SW8","1","5","","Excluded from BOM","Button_Switch_Keyboard:SW_Cherry_MX_1.00u_PCB","~","","",""
"SW9","1","6","","Excluded from BOM","Button_Switch_Keyboard:SW_Cherry_MX_1.00u_PCB","~","","",""
"SW10","1","7","","Excluded from BOM","Button_Switch_Keyboard:SW_Cherry_MX_1.00u_PCB","~","","",""
"SW11","1","8","","Excluded from BOM","Button_Switch_Keyboard:SW_Cherry_MX_1.00u_PCB","~","","",""
"SW12","1","9","","Excluded from BOM","Button_Switch_Keyboard:SW_Cherry_MX_1.00u_PCB","~","","",""
"SW13","1","10","","Excluded from BOM","Button_Switch_Keyboard:SW_Cherry_MX_1.00u_PCB","~","","",""
"SW14","1","11","","Excluded from BOM","Button_Switch_Keyboard:SW_Cherry_MX_1.00u_PCB","~","","",""
"SW15","1","EC11E15244G1","","Excluded from BOM","Marijn:EC11E_rotary_MP_pads","~"," 688-EC11E15244G1 ","",""
"TH1","1","10k","","Excluded from BOM","Resistor_SMD:R_0603_1608Metric","~"," 667-ERT-J1VR103J","",""
"TP1","1","COL0","DNP","Excluded from BOM","TestPoint:TestPoint_Pad_D1.5mm","~","","",""
"TP2","1","COL1","DNP","Excluded from BOM","TestPoint:TestPoint_Pad_D1.5mm","~","","",""
"TP3","1","COL2","DNP","Excluded from BOM","TestPoint:TestPoint_Pad_D1.5mm","~","","",""
"TP4","1","ROW0","DNP","Excluded from BOM","TestPoint:TestPoint_Pad_D1.5mm","~","","",""
"TP5","1","ROW1","DNP","Excluded from BOM","TestPoint:TestPoint_Pad_D1.5mm","~","","",""
"TP6","1","ROW2","DNP","Excluded from BOM","TestPoint:TestPoint_Pad_D1.5mm","~","","",""
"TP7","1","ROW3","DNP","Excluded from BOM","TestPoint:TestPoint_Pad_D1.5mm","~","","",""
"TP8","1","3V3","DNP","Excluded from BOM","TestPoint:TestPoint_Pad_D1.5mm","~","","",""
"TP9","1","GND","DNP","Excluded from BOM","TestPoint:TestPoint_Pad_D1.5mm","~","","",""
"U1","1","S40FC002C1B2I00000","","","Marijn:FBGA153_9x7.5x0.8",""," 727-0FC002C1B2I00000 ","",""
"U2","1","STM32U385VGI6","","","Marijn:UFBGA-100_7x7mm","STM32U385VGI6"," 511-STM32U385VGI6 ","",""
"U3","1","CC2500","","","Package_DFN_QFN:Texas_RGP0020H_VQFN-20-1EP_4x4mm_P0.5mm_EP2.4x2.4mm","http://www.ti.com/lit/ds/symlink/cc2500.pdf"," 595-CC2500RGP ","",""
"U4","1","2450BM15B0003001E","","","Marijn:2450BM15B0003001E","https://www.johansontechnology.com/docs/1401/2450BM15B0003_OonXsxx.pdf"," 609-2450BM15B0003001 ","",""
"U5","1","USBLC6-2SC6","","Excluded from BOM","Package_TO_SOT_SMD:SOT-23-6","https://www.st.com/resource/en/datasheet/usblc6-2.pdf","","C2827654",""
"U6","1","ISL91127IRAZ","","Excluded from BOM","Package_DFN_QFN:QFN-20-1EP_4x4mm_P0.5mm_EP2.7x2.7mm_ThermalVias","https://nl.mouser.com/datasheet/2/698/REN_isl91127ir_DST_20220826-1998485.pdf"," 968-ISL91127IRAZ-T","",""
"U7","1","MCP73833","","Excluded from BOM","Package_DFN_QFN:DFN-10-1EP_3x3mm_P0.5mm_EP1.58x2.35mm","https://ww1.microchip.com/downloads/aemDocuments/documents/OTH/ProductDocuments/DataSheets/22005b.pdf"," 579-MCP73833T-AMI/MF","",""
"Y1","1","26MHz","","","Crystal:Crystal_SMD_3225-4Pin_3.2x2.5mm","~"," 815-M826000MHZ10B1UT ","",""
"Y2","1","25MHz","","Excluded from BOM","Crystal:Crystal_SMD_3225-4Pin_3.2x2.5mm","~","","",""
"Y3","1","32.786KHz","","Excluded from BOM","Crystal:Crystal_SMD_3215-2Pin_3.2x1.5mm","~","","",""
